id,title,status,collection_id
prod_01KST7081E261QZYJFQ73GCAC7,Less Panic More Disco Earrings,published,
prod_01KST7081E46K0MR15RQR24P43,Always Tired Keychain,published,
prod_01KST7081ED4ZH9RPF8AV651X3,Nike Air Red Offwhite Lapel Pin,published,
prod_01KST7081EE1GV7PYPQ5A1BEFE,HIMYM Keychain,published,
prod_01KST7081EK9E8J4RF3DM2ZVZ1,Ice Cream Love Bites Earrings,published,
prod_01KST7081EPR6906KFGCK431QN,Suck It Keychain,published,
prod_01KST7081EVW43B8RWWDV72MR9,Coca Cola Keychain,published,
prod_01KST7081EY30THM6ETCT6RD10,Cartoon Network Card Sticker,published,
prod_01KST7081EZHE29B0RVFR1XPBG,Girl Power Keychain,published,
prod_01KST7081EZQY9V5RG734KECXG,Arsenal Fridge Magnet,published,
prod_01KTF50MM85S936KTMCEHBYG1R,Medusa Sweatpants,published,
prod_01KTF50MM869XN7S27X8AGH55P,Medusa Shorts,published,
prod_01KTF50MM8MK7JEMXM9NRP08B3,Medusa Sweatshirt,published,
prod_01KTF50MM8YDM49465E4GB2EDP,Medusa T-Shirt,published,
prod_01KTVK75Z20D96ST3ZWKXGEV7Y,Burger Fridge magnet,published,
prod_01KTVK75Z243PAQK6W6SZYFZN4,Pizza Fridge magnet,published,
prod_01KTVK75Z27P4XX6NPB46XJK4R,world in a bottle Fridge magnet,published,
prod_01KTVK75Z29AZXMYFEDFNAJRAC,Unicorn Fridge magnet,published,
prod_01KTVK75Z2BR2QTW804GZKBSQK,Friends frame Fridge magnet,published,
prod_01KTVK75Z2CEA0P1J9YQZCA1NK,Vacation in a bottle Fridge magnet,published,
prod_01KTVK75Z2DVADJW7TY4PX6B04,Explore more Fridge magnet,published,
prod_01KTVK75Z2GMYV6T0F6PXH8JP1,Idiot Repellent Fridge magnet,published,
prod_01KTVK75Z2HQF4WCZC8T33ZQ3N,Boss Babe Fridge magnet,published,
prod_01KTVK75Z2JM797NQGRYM8MMPC,Rick n Morty Fridge magnet,published,
prod_01KTVK75Z2K2ZQ3FS2Y2QTQT6S,Gin &amp; Tonic Fridge magnet,published,
prod_01KTVK75Z2KCBMKJAAA8NYX2E4,Camping lighter Fridge magnet,published,
prod_01KTVK75Z2MAQ4GCMYCNTCAEF9,PSG Fridge magnet,published,
prod_01KTVK75Z2NQNW6MQ9NF9BYJB4,Bibliophile Fridge magnet,published,
prod_01KTVK75Z2QVQ6YRQH0Q963TMT,Harry potter - Mischief Fridge magnet,published,
prod_01KTVK75Z2TNN1BPC6JNQ5B3VC,Fries Fridge magnet,published,
prod_01KTVK75Z2WA2B15ER4HBF5GHX,Manchester United Fridge magnet,published,
prod_01KTVK75Z2YA049CMD270H5VZQ,Starwars R2D2 Fridge magnet,published,
prod_01KTVK75Z2YP2P6G2F2QRGY8JM,Forever alone Fridge magnet,published,
prod_01KTVK75Z2ZW7HZ3T7M2ZQC8HT,Suck it Fridge magnet,published,
prod_01KTVK84PX04DYTF54T22C7ETJ,Suck it Fridge magnet,published,
prod_01KTVK84PX0RJDPKJCGS3M18BK,Explore more Fridge magnet,published,
prod_01KTVK84PX3PHFC7JGAJHPHPX3,Pizza Fridge magnet,published,
prod_01KTVK84PXDPV92G4GE79PR0Q8,Gin &amp; Tonic Fridge magnet,published,
prod_01KTVK84PXEZG1VECQH4REVVQ1,Friends frame Fridge magnet,published,
prod_01KTVK84PXFBAPK6E47BF3J1BD,PSG Fridge magnet,published,
prod_01KTVK84PXJQGSFR3FPM46FEHE,Manchester United Fridge magnet,published,
prod_01KTVK84PXWZ9YKEZ4V2YRVGQ6,Rick n Morty Fridge magnet,published,
prod_01KTVK84PY1BT3M1N4RN4VPYDF,Bullshit remover Keychain,published,
prod_01KTVK84PY2M48PZ16PV95WR7H,give into beer pressure Keychain,published,
prod_01KTVK84PY34H4HX5WSHR4BDJS,Fries Fridge magnet,published,
prod_01KTVK84PY3GXP5G4RNHHD8ARK,Take me out keychain,published,
prod_01KTVK84PY3JRSHVBF3KSEV2W6,All we need is love Keychain,published,
prod_01KTVK84PY5569B7GC4P6Z7GH4,Playstation Keychain,published,
prod_01KTVK84PY7B8D3N4N712SWYRA,Vacation in a bottle Fridge magnet,published,
prod_01KTVK84PY7HSWQ34S9YZ151M4,Rolling stones Keychain,published,
prod_01KTVK84PY8BYRVZVFK14P1008,Forever alone Fridge magnet,published,
prod_01KTVK84PY8CQCYFQTFE4BPP8M,world in a bottle Fridge magnet,published,
prod_01KTVK84PYA2SCNHM0AYK94W7F,Idiot Repellent Fridge magnet,published,
prod_01KTVK84PYAA9NP688NZ2NF23B,WASD Keychain,published,
prod_01KTVK84PYAEF18F3Z7J9TYD9E,Gameboy Keychain,published,
prod_01KTVK84PYB995R99PVB6TW6GQ,Burger Fridge magnet,published,
prod_01KTVK84PYBDJZV5CT1KK0XDF8,Warning feelings may arise Keychain,published,
prod_01KTVK84PYBQ3ZYGZGXQSH9CF9,Cute Peach keychain,published,
prod_01KTVK84PYBWFKTW6CWTP9ZHXQ,Harry potter - Mischief Fridge magnet,published,
prod_01KTVK84PYCPMX6BK8NHWHFMH1,Hot stuff Keychain,published,
prod_01KTVK84PYCV317NRAWSB71A92,Starwars R2D2 Fridge magnet,published,
prod_01KTVK84PYDRECA0BTFNPA0N13,Moka Coffee Pot Fridge magnet,published,
prod_01KTVK84PYDWB91Z4T7FPD7E04,Straight outta F#_ks to give Fridge magnet,published,
prod_01KTVK84PYE48TP2MM6NX195PD,Travel backpack Fridge magnet,published,
prod_01KTVK84PYEXNDZBR2DDCRQF9C,Boss Babe Fridge magnet,published,
prod_01KTVK84PYH8RF5MC55J8ZH8SF,Straight outta F#_ks to give Keychain,published,
prod_01KTVK84PYHHF1GTFPXJNXB45K,Boy tears Keychain,published,
prod_01KTVK84PYJ7SSYBC5NX0JEWW8,Idiot Repellent Keychain,published,
prod_01KTVK84PYKP7EMN00C7JMZ2V7,Sneaker collection Fridge magnet,published,
prod_01KTVK84PYQCSSPRBB8TDWRCCS,Suck it Keychain,published,
prod_01KTVK84PYR58ZK79W1V8MZWNW,Bullshit remover Fridge magnet,published,
prod_01KTVK84PYT62T05Y4A77ZSJ9J,less panic more disco keychain,published,
prod_01KTVK84PYTXRGTTZ8RBWAEWST,Bibliophile Fridge magnet,published,
prod_01KTVK84PYV7VQ1ZA9G88X3R7P,Vinyl keychain,published,
prod_01KTVK84PYWYE8EQKKPJ7BSK21,Shit happens Keychain,published,
prod_01KTVK84PYX0D8MGATKQT9Q9E0,Camping lighter Fridge magnet,published,
prod_01KTVK84PYX8P0W3AD4DGFFKTE,Unicorn Fridge magnet,published,
prod_01KTVK84PYX9T1NBGP12HBXQ32,Always tired Keychain,published,
prod_01KTVK84PYXC09QW2EW1DJB64Y,Duff Simpsons Fridge magnet,published,
prod_01KTVK84PYYY729PNRM6K7RSH7,Hot stuff Fridge magnet,published,
prod_01KTVK84PYYZMK34XYAV9TY81K,Polaroid Keychain,published,
prod_01KTVK84PZ14GZKE69JJZ5FQWX,Dog paw Keychain,published,
prod_01KTVK84PZ1G1GMM00HWAH5AXZ,Easily Distracted by Dogs Keychain,published,
prod_01KTVK84PZ1TYDWHY4W5E1G18C,Don't stress meowt keychain,published,
prod_01KTVK84PZ324DKGMN8S9ZZJHC,Crazy cat lady Keychain,published,
prod_01KTVK84PZ50VYXK86EZC6BFRZ,Rainbow cake Keychain,published,
prod_01KTVK84PZ62B3KFYSHS6ZZ9K7,Unicorn Keychain,published,
prod_01KTVK84PZ7FEX41DYDWY251W9,Vacation in a bottle Keychain,published,
prod_01KTVK84PZ8DKQRPQY5SDE382S,Cute cat Keychain,published,
prod_01KTVK84PZ8DMJ3A91A8DK4EYT,Sushi love Keychain,published,
prod_01KTVK84PZA4ANRGFJXGYEQJXY,Pizza Keychain,published,
prod_01KTVK84PZEDTQ02PXT0T0YHVY,Starwars R2D2 Keychain,published,
prod_01KTVK84PZEQ31VBNM32A04G9R,Vitamin sea Keychain,published,
prod_01KTVK84PZF996J67YW84WMH1R,Macaron Keychain,published,
prod_01KTVK84PZG6BSJJ59E3EQVR0S,Fries Keychain,published,
prod_01KTVK84PZGAYEPZA6SSM9FYD3,Burger Keychain,published,
prod_01KTVK84PZHGR4AD79HE51E22Y,Coffee made my day keychain,published,
prod_01KTVK84PZHRQ5GC8D0W6CPXQ7,Monday morning Keychain,published,
prod_01KTVK84PZJ871WV4ZMK10FXC3,Peaky blinders Keychain,published,
prod_01KTVK84PZJKMJT4VQVV6KY6SR,Garfield Keychain,published,
prod_01KTVK84PZK0SVQ670S6XAZ55N,Coffee Keychain,published,
prod_01KTVK84PZKBGYV0NQZMV5NQ58,Travel backpack Keychain,published,
prod_01KTVK84PZKQX6T0H379NB19A1,Mixtape Keychain,published,
prod_01KTVK84PZM0SB27E3E9AEPY79,Cat yin and yang Keychain,published,
prod_01KTVK84PZMSTJRJ7QEQDFDX9B,cute sushi Keychain,published,
prod_01KTVK84PZN3BR2E75CVFG8BJQ,Love bites Keychain,published,
prod_01KTVK84PZP0BA88TQE6F1D6PG,Starwars millennium falcon Keychain,published,
prod_01KTVK84PZPFBBF4X867ERFC9B,Gin &amp; Tonic Keychain,published,
prod_01KTVK84PZPGRJWWEM7XVG3J82,Scuba Keychain,published,
prod_01KTVK84PZPTAK9ZHPF9FHMRRX,Always hungry Keychain,published,
prod_01KTVK84PZQ1H6CGNZ7189BAE0,Professional binge watcher Keychain,published,
prod_01KTVK84PZQPRYR59S047WQG8A,Dogs go woof Keychain,published,
prod_01KTVK84PZRZKRJW87ZFD1TSR1,Cat fish bowl Keychain,published,
prod_01KTVK84PZS0Q9ES0NG6BH0HMX,Coca Cola Keychain,published,
prod_01KTVK84PZSER4A4TDRV3ZDAJQ,A cup of coffee Keychain,published,
prod_01KTVK84PZTA3900EJMQZ4P1CR,Manta ray Keychain,published,
prod_01KTVK84PZWB160NZ6YRS1DKGY,Hot cocoa Keychain,published,
prod_01KTVK84PZXN6BR9P07ZTSQ6SC,Always hungry Keychain,published,
prod_01KTVK84PZYZNA3QZS07NH8F0F,world in a bottle Keychain,published,
prod_01KTVK84PZZ9A9K01SVZQTKMY9,Camping lighter Keychain,published,
prod_01KTVK84PZZETRFRCXQ188VGRH,Pancake Keychain,published,
prod_01KTVK84Q026022YPEES1CSWPW,HIMYM Keychain,published,
prod_01KTVK84Q03AV6TE0T8RP650Q1,Morty Keychain,published,
prod_01KTVK84Q07KRBCP0WSVY6JQVG,Mickey mouse keychain,published,
prod_01KTVK84Q091QVS91PYVMVXA83,Deadpool keychian,published,
prod_01KTVK84Q0CSD0NGQWPFM99AD7,Rick and morty Keychain,published,
prod_01KTVK84Q0DQ8TAJ04HSBMQ8AT,Duff Simpsons Keychain,published,
prod_01KTVK84Q0EH569E8Z169QHQH1,Rick Keychain,published,
prod_01KTVK84Q0EKA6TS3QVCS0HNWS,Donald Duck Keychain,published,
prod_01KTVK84Q0JTKE17AJJ7EF8RPX,Homer Simpsons beer Keychain,published,
prod_01KTVK84Q0N76WYT89N57QJEC9,Friends frame Keychain,published,
prod_01KTVK84Q0PZENYDEHW7YWBPRE,Darth vader Star wars Keychain,published,
prod_01KTVK84Q0Q5N9NVJPMTJ8GEHG,Pokeball Keychain,published,
prod_01KTVK84Q0WYW0RRCH6ZF66GQP,Homer Simpsons doughnut Keychain,published,
prod_01KTVK852Y071KJXN9JB5FDM0Z,Sneaker collection Keychain,published,
prod_01KTVK852Y10MEF4QQ85HNR82S,Harry potter - Mischief Keychain,published,
prod_01KTVK852Y2GWTNBR151ZWY09B,Photoshop Keychain,published,
prod_01KTVK852Y2Q38JSADTAFFKJM4,Naruto keychain,published,
prod_01KTVK852Y35D9BJWBKSZJRA4Q,BTS Keychain,published,
prod_01KTVK852Y3RPS26GPN6CCZP4Q,Pubg Winner winner chicken dinner Keychain,published,
prod_01KTVK852Y602FAP22QP66J4R6,SNKRS keychains,published,
prod_01KTVK852Y6EKY22R8GCRAWESQ,Watch me whip Keychain,published,
prod_01KTVK852Y6HBPZA5DC4R8HBS2,Unicorn earrings,published,
prod_01KTVK852Y6SYYSJ7CJMSC81YG,Avengers Keychain,published,
prod_01KTVK852Y6VRYH9P4T67XKQYD,Noice Keychain,published,
prod_01KTVK852Y7MGCRT4CJS54224P,Boss Babe Keychain,published,
prod_01KTVK852Y7PWK7MRJ94QCY99N,Harry Potter - Deathly Hallows Keychain,published,
prod_01KTVK852Y7YHF936VRFAXZNPF,Akatsuki Keychain,published,
prod_01KTVK852Y8T6HY96BJNF5C4CY,Bibliophile Keychain,published,
prod_01KTVK852Y94FT9VEXRYH8GRVR,Batman Keychain,published,
prod_01KTVK852YCMMZB3AS7HY6799E,Adobe Illustrator Keychain,published,
prod_01KTVK852YCVQ1E6ZVX1JERDK3,Boss babe earrings,published,
prod_01KTVK852YE4TQRPC4VR3F1907,Premiere Pro Keychain,published,
prod_01KTVK852YENK7MPZYHJM5TYNK,Manchester city Keychain,published,
prod_01KTVK852YFCNTF38PRSZMR1S0,Hogwarts Keychain,published,
prod_01KTVK852YFJPH1TPWX5MSSR0V,Got em sneakers keychains,published,
prod_01KTVK852YG3V6PDKYNJSJ9XX5,Nike air Keychain,published,
prod_01KTVK852YGKQ48FTB2RFDS92M,Chill pill Keychain,published,
prod_01KTVK852YHVDFG520W68E492P,Black Nike offwhite Keychain,published,
prod_01KTVK852YHY3R6VVM0M25RZEE,Nike Air travis scott Keychain,published,
prod_01KTVK852YJFVQ1XKKZVXC4501,Red Nike offwhite Keychain,published,
prod_01KTVK852YJXGWS454EJG9ZZM8,Superman Keychain,published,
prod_01KTVK852YN5FSBAEQP12F2P3W,Idiot repelent earrings,published,
prod_01KTVK852YNHSBKEQVG5K8H1AZ,Kiss my airs keychains,published,
prod_01KTVK852YPYYTN0JDHGHEH547,Dota Keychain,published,
prod_01KTVK852YQASGFRQ2G7GEC17G,Explore more Keychain,published,
prod_01KTVK852YSMKZK7AC0VRBH2RX,Captain america Keychain,published,
prod_01KTVK852YTX8TYBDMDW7YSAKM,Girl Power Keychain,published,
prod_01KTVK852YV8AEDRGS1PFDSQ7G,Heart breaker earrings,published,
prod_01KTVK852YXZVX68K06WMRVQPX,After effects Keychain,published,
prod_01KTVK852Z01T1BC72Z3K7TGE7,Love bites Fridge magnet,published,
prod_01KTVK852Z0FX0H9R3C9NRBFNK,Insta like earrings,published,
prod_01KTVK852Z37PDE4EVV48NTHW4,Ice Cream Love bites earrings,published,
prod_01KTVK852Z3HTFP0E19ZD1Q6YZ,Arsenal Fridge magnet,published,
prod_01KTVK852Z4DNSNMJJ9H0KGHW3,Cute Peach earrings,published,
prod_01KTVK852Z535YC5XSVR8DX334,Professional binge watcher Fridge magnet,published,
prod_01KTVK852Z5579GEFEXGK9FSTS,Bayern Munich Fridge magnet,published,
prod_01KTVK852Z5BMKK3582E29V35V,Bullshit remover earrings,published,
prod_01KTVK852Z62PSDFRC8P1330N1,Cola earrings,published,
prod_01KTVK852Z6GNFVHP6EZG8CMX0,Enjoy the shit show earrings,published,
prod_01KTVK852Z6ZV1KZTD75WW9MEH,All we need is love earrings,published,
prod_01KTVK852Z78D3YK7XZG02PRDS,Noice Fridge magnet,published,
prod_01KTVK852Z7DSXWVRJ78YTW94D,Homer Simpsons doughnut Fridge magnet,published,
prod_01KTVK852Z88V4780FWBVHDQDW,Rick Fridge magnet,published,
prod_01KTVK852Z8W3GNQD656ZF5MVB,Less Panic More Disco earrings,published,
prod_01KTVK852Z90G2D6TDX9ZM4EAQ,Chelsea Fridge magnet,published,
prod_01KTVK852Z92NF72T4TDFW2ZX0,Moka pot earrings,published,
prod_01KTVK852Z9AW139HWQ3XHMVX4,Suck it earrings,published,
prod_01KTVK852ZA7AN4QQ8REDER2XM,Hot stuff earrings,published,
prod_01KTVK852ZAH4KZ9YM9TFPCFEN,Dogs go woof earrings,published,
prod_01KTVK852ZCXJTP7JKES8Q6GBH,Macaron earrings,published,
prod_01KTVK852ZD7B9VPAN1FNYQ189,Shit happens Fridge magnet,published,
prod_01KTVK852ZDVD0BMFP3BG7WF2H,Premium boy tears earrings,published,
prod_01KTVK852ZE4EGH0XJZ96HCPZG,Boy tears Fridge magnet,published,
prod_01KTVK852ZEJ8EMP7MPW5YY8VX,Manchester city Fridge magnet,published,
prod_01KTVK852ZESZV20MP06MCS7WZ,Rolling stones earrings,published,
prod_01KTVK852ZFJHKDF74CJ5CJ595,Hot cocoa earrings,published,
prod_01KTVK852ZG30YCSY591KZ2JFS,Vitamin sea Fridge magnet,published,
prod_01KTVK852ZHCXCE76RKBK84F55,Gin earrings,published,
prod_01KTVK852ZHXNHRGCCEA250GYV,Juventus Fridge magnet,published,
prod_01KTVK852ZKARRWGVXHH02EVD6,No earrings,published,
prod_01KTVK852ZKV48CSQSWG867WTE,Vacation in a bottle earrings,published,
prod_01KTVK852ZMW4G7YPQW2SQ6WJZ,Hogwarts Fridge magnet,published,
prod_01KTVK852ZN93KKH040F0PE2AE,Homer Simpsons beer Fridge magnet,published,
prod_01KTVK852ZPCEJKRXP9B5XVW0A,Burger earrings,published,
prod_01KTVK852ZPVPXZM1KFQZ548WQ,rainbow earrings,published,
prod_01KTVK852ZQ8T0K8TD0S0652Q4,World in a bottle earrings,published,
prod_01KTVK852ZQ9NDD8BF9RQGVHD6,Mixtape Fridge magnet,published,
prod_01KTVK852ZRPKBTV52X8NX09GG,Coca Cola Fridge magnet,published,
prod_01KTVK852ZSKYS0D047TSKEDED,Always tired Fridge magnet,published,
prod_01KTVK852ZVFH47V2N5W64KS2M,All we need is love Fridge magnet,published,
prod_01KTVK852ZX94W57C52CJA5AMZ,Cat Yin and Yang earrings,published,
prod_01KTVK852ZY1TS3KMKC6QHDFXV,Pizza earrings,published,
prod_01KTVK852ZZDS58B999W551PG2,Fries earrings,published,
prod_01KTVK852ZZPFQFR7JAZRH5F92,Sushi earrings,published,
prod_01KTVK852ZZXD3QK4ZX96DR1A2,Take me out earrings,published,
prod_01KTVK85300QP0WA2YG60JJHK0,Crazy cat lady Fridge magnet,published,
prod_01KTVK85301406J9HY48SPJCAM,Rainbow cake Fridge magnet,published,
prod_01KTVK853029KN66Y24RY2R9WD,Coffee made my day Fridge magnet,published,
prod_01KTVK85307FSCNCPYAP6WY7C2,Beer Pressure Fridge magnet,published,
prod_01KTVK85307R33ACNKGNT7190H,First we eat Fridge magnet,published,
prod_01KTVK85308J822BVYHETDPC7S,Doughnut Fridge magnet,published,
prod_01KTVK85309DJ6V1TR17Z1YZJV,cat fish bowl Fridge magnet,published,
prod_01KTVK8530B5BVQRVKT787HX02,Strawberry shortcake Fridge magnet,published,
prod_01KTVK8530BBW2R1535Y7VKVCB,Sushi love Fridge magnet,published,
prod_01KTVK8530GYVN9JZG8N19XS4S,A cup of coffee Fridge magnet,published,
prod_01KTVK8530JR1SQ9HVBDZJFRVG,Monday morning Fridge magnet,published,
prod_01KTVK8530K6EZMJFS01E0BMC8,Macaron Fridge magnet,published,
prod_01KTVK8530M8PN2J5XDGY2C33H,Hot cocoa Fridge magnet,published,
prod_01KTVK8530NS2J37PSG1GB8C05,Pancake Fridge magnet,published,
prod_01KTVK8530RBYXFMVSEF99205E,Always hungry Fridge magnet,published,
prod_01KTVK8530RE36G40GB7JAX7P6,Cute sushi Fridge magnet,published,
prod_01KTVK8530RH1NDPZPZ9V0VQ5P,Morty Fridge magnet,published,
prod_01KTVK8530Y47PV465JKDF9QHA,Watch me whip Fridge magnet,published,
prod_01KTVK85DT0EWHK98B9HB0CAM4,Nike Air sticker,published,
prod_01KTVK85DT10D0HBGZM27VMA36,Photoshop illustrator sticker,published,
prod_01KTVK85DT15TF5JJ16A939RSY,Coffee sticker,published,
prod_01KTVK85DT1RX1NH7KCZGKJCYY,Munchies Sticker,published,
prod_01KTVK85DT2D59YT9R57VC3V8H,Scuba diving sticker,published,
prod_01KTVK85DT4B8EHSMTA40HY13K,Adobe sticker,published,
prod_01KTVK85DT6WZZGWM3SNEZNAES,Nike off white black Air Sticker,published,
prod_01KTVK85DT7AZBD6EJ9JGFGBDE,Crazy Cat Lady Sticker,published,
prod_01KTVK85DT89D1AM8YR10HH61R,World in a Bottle Sticker,published,
prod_01KTVK85DT924PWSGKMVNMGMPW,Homer Simpsons beer Sticker,published,
prod_01KTVK85DT9HTJW93N8C1HKXDJ,Rick Sticker,published,
prod_01KTVK85DTBYFCGT9QSAKMNKCR,Peaky blinders sticker,published,
prod_01KTVK85DTCZ6S8H4MKJYKY3A0,Sushi Love  sticker,published,
prod_01KTVK85DTEGBW9C1RH327JJW6,Harry potter-mischief Sticker,published,
prod_01KTVK85DTFTGVJVBHJ4C96JPG,Mickey mouse sticker,published,
prod_01KTVK85DTHYV80SQ1JQA6X9ZZ,Cute Cat love sticker,published,
prod_01KTVK85DTKWGV2GVP434ZRAVR,Star wars sticker,published,
prod_01KTVK85DTM181R2E47CYG1KS2,Straight Outa sticker,published,
prod_01KTVK85DTME76AKHQXFK8Z8ZY,Kiss my airs - Red  Fridge magnet,published,
prod_01KTVK85DTP2EVK2FHZXPAE7ZZ,Nike Air jordans  sticker,published,
prod_01KTVK85DTP87195GF53WGA28Q,Travel Bagpack sticker,published,
prod_01KTVK85DTS0MM533XVX8CYJEW,Starwars R2D2 Sticker,published,
prod_01KTVK85DTS5F886BZGYJ56ZX8,Doughnut sticker,published,
prod_01KTVK85DTT76AN6T6WJJBBRYA,Girl power sticker,published,
prod_01KTVK85DTXY47S5HVAJ51QD2P,macaroon sticker,published,
prod_01KTVK85DV3PGQJRDF1968MJQQ,WASD Lapel Pin,published,
prod_01KTVK85DV45BA56GRMYZE7FS5,Fries Lapel Pin,published,
prod_01KTVK85DV492JH4FY3A2KC2T7,Rolling stones Lapel Pin,published,
prod_01KTVK85DV4T676N90VG9YWSD4,Boss Babe Lapel Pin,published,
prod_01KTVK85DV4ZS6D1106AAQCBHT,Bullshit remover lapel pin,published,
prod_01KTVK85DV71BDX4KGF4DJAXQC,Idiot Repellent Lapel Pin,published,
prod_01KTVK85DV87M49BHK0V5ZN7A3,Boy tears lapel pin,published,
prod_01KTVK85DV8QHD820ARMNR24CQ,Coca Cola Lapel Pin,published,
prod_01KTVK85DV9EY2X4EVAJ1RCX1F,Dogs go woof Lapel Pin,published,
prod_01KTVK85DV9KA094SK53VQ1NWT,Straight outta F#_ks to give lapel pin,published,
prod_01KTVK85DVAXE95M6K07HMYJ0F,Monday morning lapel pin,published,
prod_01KTVK85DVB7TAHPNQJMRQ0808,Take me out lapel pin,published,
prod_01KTVK85DVBJPG454DZV23N4YP,All we need is love lapel pin,published,
prod_01KTVK85DVBPTN676HGWDMHHN6,Pizza Lapel Pin,published,
prod_01KTVK85DVBX9QQYSQYHEXQDMH,Playstation Lapel Pin,published,
prod_01KTVK85DVC3J6B7A7QR0CDAY6,Cute cat lapel pin,published,
prod_01KTVK85DVCFX087A6H17HAGNN,Pizza sticker,published,
prod_01KTVK85DVES17V48QB26KP5ZW,Hot stuff sticker,published,
prod_01KTVK85DVEYV4E8FNQH3RC5AT,Rick lapel pin,published,
prod_01KTVK85DVFK9TGVZ2G4Z75XKZ,Warning feelings may arise Lapel Pin,published,
prod_01KTVK85DVFMS0C57SV3S6TJ15,Camping lighter Lapel Pin,published,
prod_01KTVK85DVFW3HAK4HVB5R5QV6,Heart breaker sticker,published,
prod_01KTVK85DVHCDWW55QFR2XJF8H,Morty lapel pin,published,
prod_01KTVK85DVJP2YKQCVNFFZA44D,Less panic more disco lapel pin,published,
prod_01KTVK85DVJPZZX3N2NS5CQM2G,Vitamin sea lapel pin,published,
prod_01KTVK85DVM31M3KH7GWD7E6PA,Nike off white Air sticker,published,
prod_01KTVK85DVN6CBQ5CNK7DYEN9C,Manta Ray lapel pin,published,
prod_01KTVK85DVPDP3J48B1M2DJP2R,Coffee made my day lapel pin,published,
prod_01KTVK85DVPG5W6R60MGBWXVE4,world in a bottle Lapel Pin,published,
prod_01KTVK85DVPJKV80DEEA1E529Z,Paw Lapel Pin,published,
prod_01KTVK85DVQ59974Q3W3AKW48Q,Scuba lapel pin,published,
prod_01KTVK85DVQWJFNEPQ54HS5JS6,Gin &amp; Tonic Lapel Pin,published,
prod_01KTVK85DVRQQGBFBZW1HW4S53,Cat fish bowl lapel pin,published,
prod_01KTVK85DVS6N373TSYVKSCX2W,Always tired lapel pin,published,
prod_01KTVK85DVSDVD8WER4D9ZG9MT,Travel backpack lapel pin,published,
prod_01KTVK85DVSHGCD3FC09AZSBY9,Easily distracted by dogs Lapel Pin,published,
prod_01KTVK85DVST0W6Y2ACQBXF25K,Coffee lapel pin,published,
prod_01KTVK85DVTVNCKEBFXPXWW27Q,A cup of coffee lapel pin,published,
prod_01KTVK85DVX8SKAMZNS5FKWWK5,Suck it Lapel Pin,published,
prod_01KTVK85DVX95MXQV9C26EX360,Hot stuff lapel pin,published,
prod_01KTVK85DVY9F5HSDX3VNM5X3V,Cat yin and yang lapel pin,published,
prod_01KTVK85DVZ0XXKMZZ997F9Z2K,Shit happens lapel pin,published,
prod_01KTVK85DVZ277NQ3HKGBCNMSW,Professional binge watcher lapel pin,published,
prod_01KTVK85DVZ9EPX44MJQZKHKKD,Unicorn Lapel Pin,published,
prod_01KTVK85DVZJZCZCT9H0K0QXQJ,Polaroid Lapel Pin,published,
prod_01KTVK85DVZMKE512CJKJF45SH,I give into beer lapel pin,published,
prod_01KTVK85DW0EBSTQZXXP4K6TEK,Garfield lapel pin,published,
prod_01KTVK85DW27TD75WJ6YBTHB7W,Cute sushi lapel pin,published,
prod_01KTVK85DW2DKS4A38KCPKB5XK,Rick n Morty Lapel Pin,published,
prod_01KTVK85DW2FMDJXXN7KGV796X,HIMYM Lapel Pin,published,
prod_01KTVK85DW318827T8SW6XZXDJ,Crazy cat lady lapel pin,published,
prod_01KTVK85DW3YHBWEPM27CZH00Z,Superman Lapel Pin,published,
prod_01KTVK85DW4RB743ST29PATGQF,Starwars R2D2 Lapel Pin,published,
prod_01KTVK85DW67DA6KMKEFPQT2DV,Love bites Lapel Pin,published,
prod_01KTVK85DW69C79BNW1DE8A14V,BTS lapel pin,published,
prod_01KTVK85DW6SYG7WEX8BPHDHC1,Duff Simpsons lapel pin,published,
prod_01KTVK85DW8T0XSC6132Y7BY5E,Hot cocoa lapel pin,published,
prod_01KTVK85DWAZMZHVB5Q60HKT78,Mickey mouse lapel pin,published,
prod_01KTVK85DWB3PJCWG0HM63MS45,Burger Lapel Pin,published,
prod_01KTVK85DWCKEKE7FZMYJW1KF8,Sushi love lapel pin,published,
prod_01KTVK85DWG0JYYVYRMMHWWHTD,Arsenal Lapel Pin,published,
prod_01KTVK85DWGXYE2CDS2ME9FJRT,Doughnut lapel pin,published,
prod_01KTVK85DWHDE71XDTNW0B5RSD,Starwars millennium falcon Lapel Pin,published,
prod_01KTVK85DWM8V5C8R5QY24ADFN,Homer Simpsons beer lapel pin,published,
prod_01KTVK85DWNH4C2Q4NRWHQYMA1,Donald Duck lapel pin,published,
prod_01KTVK85DWPM40140A3N2YTZED,Pubg - Winner winner chicken dinner Lapel Pin,published,
prod_01KTVK85DWPZ83ZGDSK94W560P,Macaron lapel pin,published,
prod_01KTVK85DWQ1RAFMNSQ5KAT215,Captain america lapel pin,published,
prod_01KTVK85DWQC5NCKMXNTWZQM76,Spiderman lapel pin,published,
prod_01KTVK85DWS4XZN7AKJ9V6D19J,Peaky blinders Lapel Pin,published,
prod_01KTVK85DWSWS6P19GHST0KP40,Friends frame Lapel Pin,published,
prod_01KTVK85DWT4AC242YPC670N57,Homer Simpsons doughnut lapel pin,published,
prod_01KTVK85DWVQ8HF131ZGRPZ3GH,Chelsea Lapel Pin,published,
prod_01KTVK85DWVW2J9VV32BV3KN5B,Don't stress meowt lapel pin,published,
prod_01KTVK85DWWYC7MZQGWK2015BK,After effects Lapel Pin,published,
prod_01KTVK85RW1FHXZGJ94TBCYM50,Rich Af card sticker,published,
prod_01KTVK85RW3R5R9QVZH85RQ750,Warning Feeling may Arise magnet,published,
prod_01KTVK85RW41QXH1ERVBCAKSRD,Hang on let me overthink card sticker,published,
prod_01KTVK85RW492K8M2REMC4GNB9,I solemnly swear - harry potter card sticker,published,
prod_01KTVK85RW49ZZKK96SS316TVH,Harry Potter - Deathly Hallows Lapel Pin,published,
prod_01KTVK85RW5T63DMB4E25SKVT8,Girl Power Lapel Pin,published,
prod_01KTVK85RW7J3952CHGVQ8VW37,Harry potter Pop up 3D Sticker,published,
prod_01KTVK85RW8D6KA4W1PKDZCMX3,Got em sneakers lapel pin,published,
prod_01KTVK85RW8WPYSYJGHTKR32AM,Coffee Pop up 3D Sticker,published,
prod_01KTVK85RW8ZNEE8RBG5982QJT,Stranger things card sticker,published,
prod_01KTVK85RWAM09E7EYRV30PDM3,Rick & Morty Pop up 3D Sticker,published,
prod_01KTVK85RWCMEAEAPW7HWT96DM,Watch me whip lapel pin,published,
prod_01KTVK85RWD9055ABMTC4Y729V,Noice Lapel Pin,published,
prod_01KTVK85RWGSTZY47V02CDV2SK,Nike Air travis Scott lapel pin,published,
prod_01KTVK85RWHYPDNDY1CFY8PB1F,Monopoly advance to home card sticker,published,
prod_01KTVK85RWKN3QB7Q490FNFG2G,Explore more Lapel Pin,published,
prod_01KTVK85RWKPEM9NZGSYX2FE5T,Harry potter - Mischief lapel Pin,published,
prod_01KTVK85RWMS246VVAH56SP8KY,High af1 lapel pin,published,
prod_01KTVK85RWMYNWJHQFD5VM2S9A,Nike Air Red offwhite lapel pin,published,
prod_01KTVK85RWN0EPQSM3KA3PHWT0,SHUT UP &amp; TAKE MY MONEY card sticker,published,
prod_01KTVK85RWNMN595JS847SVKNP,Enjoy the ShitShow Magnet,published,
prod_01KTVK85RWPTRWZ5WA6F08SPQP,Pokemon card sticker,published,
prod_01KTVK85RWQKYJ1W8FRMW9K4S0,Rick and morty portal card sticker,published,
prod_01KTVK85RWSY4XV2N0899FQ3XM,Broklyn Nine Nine Pop up 3D Sticker,published,
prod_01KTVK85RWVH9GMYD8TRHSZFMC,Monopoly get out of work card sticker,published,
prod_01KTVK85RWWGE63MRYW1JR81R2,Sneaker collection Lapel Pin,published,
prod_01KTVK85RWWH0CDK5H6359H0ZS,Hogwarts lapel pin,published,
prod_01KTVK85RWXMB6BP24AK4AEQJF,Chill pill Lapel Pin,published,
prod_01KTVK85RWXWSK701H7QB5CQGH,Adobe Illustrator Lapel Pin,published,
prod_01KTVK85RWZ04XD9MWDQVDRJXW,Premiere Pro Lapel Pin,published,
prod_01KTVK85RWZZ9G683YFFD4FTYM,Kiss my airs lapel pin,published,
prod_01KTVK85RX0W870GG8GGPFH8B0,Title of my sex tape lapel pin,published,
prod_01KTVK85RX2CGVVTQ9N5FTC111,Shit happens Luggage tags,published,
prod_01KTVK85RX2SKCNY79FPR295G9,Love Bites Pop up 3D Sticker,published,
prod_01KTVK85RX3PSRKX9DW99BWQTB,Idiot Repellent Pop up 3D Sticker,published,
prod_01KTVK85RX3X5SAHNK4K7AHG4M,Straight outta F#_ks Pop up 3D Sticker,published,
prod_01KTVK85RX3ZWZTCVMMA3X2BQK,Crystal bullshit Lapel pin,published,
prod_01KTVK85RX5M3403CSZQ20A5KS,world in a bottle Luggage tags,published,
prod_01KTVK85RX6WEA1AQJ884DGMW0,Explore more Luggage tags,published,
prod_01KTVK85RX8FFJYDJ1R2FAGM95,Everything Sucks Mixtape Fridge Magnet,published,
prod_01KTVK85RX8KBJW8H2DH4JASPD,World on fire Fridge magnet,published,
prod_01KTVK85RX9HP4Q99V4SXK9GV9,Smokers Access Lapel Pin,published,
prod_01KTVK85RXBEWADBD61KH4CYJ7,World on fire Lapel pin,published,
prod_01KTVK85RXC2GFTPT1TT3KENF0,Serotonin spray Lapel pin,published,
prod_01KTVK85RXDFF394KY8DJQ9XP4,Fierce Lighter Fridge magnet,published,
prod_01KTVK85RXDTT18DYP2P8ZEMTM,Hot Stuff Pop up 3D Sticker,published,
prod_01KTVK85RXF29NYAGGZ0W1CS3Q,Kiss my airs - Black Fridge magnet,published,
prod_01KTVK85RXFRP0BGN43WRJ2EDF,Serotonin spray Fridge magnet,published,
prod_01KTVK85RXGEA8F3KPBWR1ZQHQ,Everthing sucks Mixtape Fridge magnet,published,
prod_01KTVK85RXJ5TSF2EC2NRSWTZ0,Always sleepy cat club Fridge magnet,published,
prod_01KTVK85RXJ6ARX8CC3SJQGKGP,Travel Pop up 3D Sticker,published,
prod_01KTVK85RXKNS26046FGTF50WT,Fierce Lighter Lapel pin,published,
prod_01KTVK85RXKQF49T4YSQH9F28H,Nike up Pop up 3D Sticker,published,
prod_01KTVK85RXM52ZPJSR5DHMY8KK,Sushi Pop up 3D Sticker,published,
prod_01KTVK85RXM6TRK2PNMVZFTKCA,Smokers Access Lapel Pin,published,
prod_01KTVK85RXNANFJJ1GN9BBJRDX,Cute cat Pop up 3D Sticker,published,
prod_01KTVK85RXPC6F5FH4A06GY4S7,Selflove Sauce Fridge magnet,published,
prod_01KTVK85RXS3T7EZY6NZNVDGNP,Munchies Pop up 3D Sticker,published,
prod_01KTVK85RXS5PEBTYX3GERWF1K,Crystal bullshit Fridge magnet,published,
prod_01KTVK85RXSC84WNWYG9YNY8Z0,Everything Sucks Mixtape Fridge Magnet,published,
prod_01KTVK85RXVSQJQ19XEGHY7N8T,Dogs Pop up 3D Sticker,published,
prod_01KTVK85RXXJZ11A6PXDSHBHFV,Nine nine Lapel Pin,published,
prod_01KTVK85RXZ7V3S9DPT6B1NAWB,Everthing sucks Mixtape Lapel pin,published,
prod_01KTVK85RXZDW3MS2ZYJ708A10,Monday morning Luggage tags,published,
prod_01KTVK85RY285EJ263412CBRD2,Crazy cat lady Fridge magnet,published,
prod_01KTVK85RY448JE814G7HZ0JK8,Bayern Munich Fridge magnet,published,
prod_01KTVK85RY457M184H2YWPV8EV,Camping lighter Fridge magnet,published,
prod_01KTVK85RY5K5PE5M4CPSJ756P,Cat yin and yang Fridge magnet,published,
prod_01KTVK85RY75A0W3SJZ1WMF2V5,Bunny Fridge magnet,published,
prod_01KTVK85RY7V0FCANRX8F4V21S,Always tired Fridge magnet,published,
prod_01KTVK85RY8MYS9JEV8HCDHYQQ,Coffee earrings,published,
prod_01KTVK85RY9C8J4NE82A282XC0,cat fish bowl Fridge magnet,published,
prod_01KTVK85RY9CBWKHQ9SQTEDSPQ,cartoon network card sticker,published,
prod_01KTVK85RYARCJ41C28AAQG169,Cat Yin and Yang earrings,published,
prod_01KTVK85RYD0VVP41KHD6NC5NP,Coca Cola Fridge magnet,published,
prod_01KTVK85RYDZSY7QWYRV22J0JP,All we need is love earrings,published,
prod_01KTVK85RYERR9BX4YY7V5DFP5,BTS earrings,published,
prod_01KTVK85RYF2T0JRRDTVCE8KDC,Boy tears Fridge magnet,published,
prod_01KTVK85RYF676GAQ9MDQ1730T,Arsenal Fridge magnet,published,
prod_01KTVK85RYH0X54R1YCV8WK8PQ,Captain america Keychain,published,
prod_01KTVK85RYHPAPHVFC515TTS5R,Chelsea Fridge magnet,published,
prod_01KTVK85RYHWKHKA408459BRTT,Always hungry Fridge magnet,published,
prod_01KTVK85RYJC0JX8QYPBP99Y50,Burger earrings,published,
prod_01KTVK85RYKRYR0DXPXQ6GA26N,Crystal bullshit Fridge magnet,published,
prod_01KTVK85RYP97PR1TXWQBDXCDA,Boss babe earrings,published,
prod_01KTVK85RYQCCF0CX3NXRE8JSZ,Cola earrings,published,
prod_01KTVK85RYR41J6XY2X3MQF3EV,Cat fish bowl Keychain,published,
prod_01KTVK85RYSREFEJ1T2XA1N58A,Beer Pressure Fridge magnet,published,
prod_01KTVK85RYTGECZWFFRNBCA9SR,Chill pill Keychain,published,
prod_01KTVK85RYTP5YNNETA6AGM87J,Always sleepy cat club Fridge magnet,published,
prod_01KTVK85RYXGM0G888BFEE3EQ4,Coffee made my day earrings,published,
prod_01KTVK85RYYHD59V0N1483A28K,A cup of coffee Fridge magnet,published,
prod_01KTVK85RZ39VVCEBVRV133PQE,Deadpool keychian,published,
prod_01KTVK85RZB94PKQD9XK65BRK9,cute sushi Keychain,published,
prod_01KTVK85RZG4QN055PDGNKHWAE,Cute sushi Fridge magnet,published,
prod_01KTVK85RZGXP88Q4AT4F13AS0,Dog approved Fridge magnet,published,
prod_01KTVK85RZHX3Z3DKTXMCQN14H,Cute Peach earrings,published,
prod_01KTVK85RZREFTX2PB8RFMC5KV,Darth vader Star wars Keychain,published,
prod_01KTVK85RZTZKD8VQVSE88XA8Q,Dogs go woof earrings,published,
prod_01KTVK85RZZB23Y3GK96Y15QB8,Dog paw Keychain,published,
prod_01KTVK861Z1YEGJ8REJC9TXTXS,Gin &amp; Tonic Fridge magnet,published,
prod_01KTVK861Z230JEPV132Q7XD4K,Don't stress meowt keychain,published,
prod_01KTVK861Z39BKZV6DDV5G90YP,Doughnut Fridge magnet,published,
prod_01KTVK861Z3WEMVM56VZRSV2D3,Gin earrings,published,
prod_01KTVK861Z4JGXKG5GF498ZJFG,Everthing sucks Mixtape Fridge magnet,published,
prod_01KTVK861Z583CW5Y4W2RPA3PA,Enjoy the shit show earrings,published,
prod_01KTVK861Z7TQ3ERSZMZ806AJA,First we eat Fridge magnet,published,
prod_01KTVK861Z8HEE970RJHEYHGKP,Enjoy shitshow Keychain,published,
prod_01KTVK861Z8VED607J3KTQ0RCV,give into beer pressure Keychain,published,
prod_01KTVK861ZAG1ETQC0W2XX1WBT,Duff Simpsons Fridge magnet,published,
prod_01KTVK861ZCT9FNSN6JHF6RWF4,Fierce Lighter Fridge magnet,published,
prod_01KTVK861ZDCBGNH2P33X7P2ET,Gameboy Keychain,published,
prod_01KTVK861ZDYPZJ8K2VMA421SB,Forever alone Fridge magnet,published,
prod_01KTVK861ZFAHPBQHTS44JB9KT,Enjoy the ShitShow Magnet,published,
prod_01KTVK861ZMKNWE6SBD3ZAQ4JF,Easily Distracted by Dogs Keychain,published,
prod_01KTVK861ZNNCJV6WSJ9PVKJYK,Explore more Fridge magnet,published,
prod_01KTVK861ZSQKW7W15RDK9XEFJ,Donald Duck Keychain,published,
prod_01KTVK861ZTQ12RSAMGG7HFP8T,Garfield Keychain,published,
prod_01KTVK861ZV3NAANB3D8QJAA5B,Gengar - pokemon,published,
prod_01KTVK861ZW5FW9RGXQX31MCTY,Fries earrings,published,
prod_01KTVK861ZYSGT6V9TSQT6VHA2,Friends frame Fridge magnet,published,
prod_01KTVK861ZYXQAA09XAZV3XKRQ,Girl Power Keychain,published,
prod_01KTVK86200H0T5V8KBQ50AP2E,Nike Air Red offwhite lapel pin,published,
prod_01KTVK86200KXC90GDEKAAQ8EX,Idiot Repellent Fridge magnet,published,
prod_01KTVK86200YGHXNQEQHVCQK1D,Harry Potter - Deathly Hallows Keychain,published,
prod_01KTVK8620130YFWMD77KK4SNG,Premium boy tears earrings,published,
prod_01KTVK86201CF7PMRH830GSSDF,Love bites Fridge magnet,published,
prod_01KTVK86202G3V6S4GEJNKXK3R,Naruto keychain,published,
prod_01KTVK86202HCZ33RRKM6RCVD0,Got em sneakers keychains,published,
prod_01KTVK86203V5QCKHSE8ZHGWZW,Homer Simpsons beer Fridge magnet,published,
prod_01KTVK862041XPZFERDNY9T2CM,Mickey mouse keychain,published,
prod_01KTVK86204VFE74HMHSAHKC6N,less panic more disco keychain,published,
prod_01KTVK862055YXMZXF2C8H0K92,Pancake Fridge magnet,published,
prod_01KTVK862058N7RJ5E7M8WGH6N,Insta like earrings,published,
prod_01KTVK86205BRRKEQJB2NGEYY5,Macaron earrings,published,
prod_01KTVK86206743CKE28F9S5M02,Homer Simpsons doughnut Fridge magnet,published,
prod_01KTVK862067DTV4T816ZFW1ZM,Hot stuff earrings,published,
prod_01KTVK86206BNMZHD2QAZR9NP1,Premiere Pro Keychain,published,
prod_01KTVK86206QMR3313V4PVDZ7D,Manta ray Keychain,published,
prod_01KTVK86208RQKYZZMNG6319WC,Juventus Fridge magnet,published,
prod_01KTVK86209QZPE5DJDGXYYQ2P,Photoshop Keychain,published,
prod_01KTVK86209XMY6RYHY13T61PC,Moka Coffee Pot Fridge magnet,published,
prod_01KTVK86209YFFVK2TACCR1GE4,Nike air Keychain,published,
prod_01KTVK8620AWS38SP2ACB304SA,Idiot repelent earrings,published,
prod_01KTVK8620BDKDAXC8053CE2T0,Polaroid Keychain,published,
prod_01KTVK8620CKFREZDP2H6VYSFG,Hot cocoa earrings,published,
prod_01KTVK8620DHY9SFJ5DWPJ24M1,GOT 'Em Sneakers Fridge magnet,published,
prod_01KTVK8620DKZY2YNRFP8QSYBN,Ice Cream Love bites earrings,published,
prod_01KTVK8620GHMGS278G3824E72,HIMYM Keychain,published,
prod_01KTVK8620GV7ZSRPPEWHAP6J3,Noice earrings,published,
prod_01KTVK8620HVQ6XYGY1GA3JW5Y,Manchester city Fridge magnet,published,
prod_01KTVK8620K6M25X9CKY78M9C1,Hogwarts Fridge magnet,published,
prod_01KTVK8620KE18BAK5Q2XD8ETQ,Nine nine Keychain,published,
prod_01KTVK8620NPC7FYF8EKEY6E1Y,Monday morning Fridge magnet,published,
prod_01KTVK8620P22TTN0VVNZ4K57H,Nike Air travis scott Keychain,published,
prod_01KTVK8620QV7R4E2NH991TYEW,Moka pot earrings,published,
prod_01KTVK8620S1B6JCKCY3XGDF97,Kiss my airs - Red  Fridge magnet,published,
prod_01KTVK8620S7WK6ATK0F4GBTX5,Morty Fridge magnet,published,
prod_01KTVK8620TWXCQ6JN88M4B4BK,Professional binge watcher Fridge magnet,published,
prod_01KTVK8620V7WSA7BCVPYJQ6YA,Heart breaker earrings,published,
prod_01KTVK8620VWGW5XJ6546K8CDK,Less Panic More Disco earrings,published,
prod_01KTVK8620VYV0G407D8H0JTF4,Manchester United Fridge magnet,published,
prod_01KTVK8620W7XEFRZCR0JBX0AR,No earrings,published,
prod_01KTVK8620WH45KB14E44A3FM0,Harry potter - Mischief Fridge magnet,published,
prod_01KTVK8620YQAVJ5Y2Q6H8K356,Kiss my airs keychains,published,
prod_01KTVK8620ZWBG1STAFMEY7N1Z,Pokeball Keychain,published,
prod_01KTVK86210HF01NRRQBQ0T9CZ,Sneaker collection Fridge magnet,published,
prod_01KTVK86211BPEVDZVMRMH2RVP,Woof woof Fridge magnet,published,
prod_01KTVK86212392NEKEMB2QJV6S,Unicorn earrings,published,
prod_01KTVK86212VAW1W80PY4ZYFPR,Rainbow cake Fridge magnet,published,
prod_01KTVK86214FDVZK2PCPGHC6XS,Vacation in a bottle earrings,published,
prod_01KTVK86214T9T7DW8KCS0E744,Starwars millennium falcon Keychain,published,
prod_01KTVK86214ZB0YVZ72SVQ31JV,Rick Fridge magnet,published,
prod_01KTVK862151P1ERNMZAF5SKE5,Shit happens Fridge magnet,published,
prod_01KTVK86216GV820ZQ6ENN021A,Warning Feeling may Arise magnet,published,
prod_01KTVK86216QGQZ0WJ2YRHC9DC,Red Nike offwhite Keychain,published,
prod_01KTVK86218HXETG9TNAAYWN3D,Superman Keychain,published,
prod_01KTVK86218QGR98AVTDWB71E7,Take me out earrings,published,
prod_01KTVK86219D0AMCAFK2DMBMK0,Rick and morty Keychain,published,
prod_01KTVK8621CZY23D2G0XMMTDX6,Selflove Sauce Fridge magnet,published,
prod_01KTVK8621D1JCJ7Q0Y0DY1QDG,Travel backpack Fridge magnet,published,
prod_01KTVK8621DZAHCD05SNE2KJ1P,WASD Keychain,published,
prod_01KTVK8621EMK1DM1SEDTSYGKA,Strawberry shortcake Fridge magnet,published,
prod_01KTVK8621EPVCBCH6YFQ4BNV0,Vitamin sea Fridge magnet,published,
prod_01KTVK8621FQ8DTP0TC2RPC7DS,Sneaker collection Keychain,published,
prod_01KTVK8621J3NNVA38GS9743TG,Serotonin spray Fridge magnet,published,
prod_01KTVK8621K2HBR100AA3ZGWP5,Title of my sex tape Keychain,published,
prod_01KTVK8621K6QKSJGXVEND4H7E,Rick n Morty Fridge magnet,published,
prod_01KTVK8621KMAT3ZY0ARG33APC,Sushi love Fridge magnet,published,
prod_01KTVK8621M5TP8W6R5QA1TKMX,Starwars R2D2 Fridge magnet,published,
prod_01KTVK8621NZMJCKE06A1054K0,Sushi earrings,published,
prod_01KTVK8621PM2QXRCDRPY80PWQ,Warning feelings may arise Keychain,published,
prod_01KTVK8621PSXE13Z8BE1KKJTP,Vinyl set Keychain,published,
prod_01KTVK8621Q16WXZ31ADNSDPJN,Scuba Keychain,published,
prod_01KTVK8621REBTDPJXN91DGVBP,Spiderman Keychain,published,
prod_01KTVK8621W4ADFESHRY3222FD,Watch me whip Fridge magnet,published,
prod_01KTVK8621W9ZE1PTCYA3N1K0S,Rolling stones earrings,published,
prod_01KTVK8621Y9GFS3SC5HST1BR0,PSG Fridge magnet,published,
prod_01KTVK8621YMGQF891VZFMM9YE,rainbow earrings,published,
prod_01KTVK8621ZBRCHMW60X5YEGJC,Sleepy cat Fridge magnet,published,
prod_01KTVK869S5GF01VB7DC7C5YC8,World in a bottle earrings,published,
prod_01KTVK869SG0SQ2QGVFJCSP5PN,World on fire Fridge magnet,published,
